<application>
  <component name="com.intellij.ide.ui.customization.CustomActionsSchema">
    <group value="$Undo" is_action="true" action_type="1" position="3">
      <path value="root" />
      <path value="Main Toolbar" />
      <option name="myInitialPosition" value="-1" />
    </group>
    <group value="$Redo" is_action="true" action_type="1" position="4">
      <path value="root" />
      <path value="Main Toolbar" />
      <option name="myInitialPosition" value="-1" />
    </group>
    <group value="Replace" is_action="true" action_type="1" position="5">
      <path value="root" />
      <path value="Main Toolbar" />
      <option name="myInitialPosition" value="-1" />
    </group>
  </component>
</application>